USE Levkivska_271_основна
GO

INSERT INTO Доплати (КодДоплати, ВидДоплати, Коефіцієнт)
VALUES
(1, 'Премія', 0.2),
(2, 'За науковий ступінь', 0.3),
(3, 'За складність', 0.4),
(4, 'За дострокове виконання', 0.5);

INSERT INTO Працівники (КодПрацівника, Прізвище, [Ім'я], Посада, ДатаПрийому, КодДоплати, Відділ)
VALUES
(1, 'Левківська', 'Анастасія', 'Головний спеціаліст', '2006-01-06', 4, 'кадри'),
(2, 'Оніщук', 'Ілля', 'Провідний юрист', '2016-09-05', 4, 'юридичний'),
(3, 'Волошин', 'Дмитро', 'Юрист', '2020-06-24', 2, 'юридичний'),
(4, 'Малащук', 'Констянтин', 'Сисадмін', '2023-01-14', 1, 'інформаційний'),
(5, 'Висоцька', 'Анастасія', 'Інспектор', '2018-03-16', 2, 'кадри'),
(6, 'Слюсарева', 'Анастасія', 'Провідний юрист', '2019-07-28', 3, 'юридичний'),
(7, 'Тимощенко', 'Олександр', 'Програміст', '2022-11-01', 3, 'інформаційний'),
(8, 'Слюсарева', 'Анастасія', 'Начальник віддіду', '2023-01-10', 3, 'кадри'),
(9, 'Коваленко', 'Ілля', 'Інспектор', '2020-08-14', 2, 'кадри'),
(10, 'Сергієнко', 'Андрій', 'Провідний юрист', '2022-09-17', 1, 'юридичний'),
(11, 'Корбут', 'Тімур', 'Провідний юрист', '2019-06-25', 3, 'юридичний'),
(12, 'Пономаренко', 'Ілля', 'Програміст', '2022-06-09', 2, 'інформаційний'),
(13, 'Кравцов', 'Микита', 'Сисадмін', '2023-01-04', 1, 'інформаційний'),
(14, 'Павлюк', 'Денис', 'Юрист', '2017-06-10', 4, 'юридичний'),
(15, 'Куделін', 'Максим', 'Юрист', '2021-03-18', 2, 'юридичний');

INSERT INTO Анкети (КодПрацівника, ДатаНародження, Адреса, Освіта, МобілТелефон, СімейнийСтан)
VALUES
(1, '1978-01-19', 'просп. Лесі Українки, 40, кв.5', 'вища', '(099)364-122-2', 'неодружений'),
(2, '1980-02-09', 'пл. Різницька, 25, кв.13', 'вища', '(095)237-791-2', 'одружена'),
(3, '2003-09-28', 'вул. Солом’янська, 8, кв.37', 'неповна', '(068)052-186-8', 'одружений'),
(4, '2000-06-12', 'пл. Паторжинського, 30, кв.2', 'неповна', '(098)187-233-1', 'неодружений'),
(5, '1984-08-18', 'просп. Копиленка, 2, кв.5', 'наукова ступінь', '(098)187-233-6', 'одружений'),
(6, '1995-11-12', 'вул. Лук’янівська, 70, кв.7', 'середня', '(097)780-353-5', 'одружена'),
(7, '1975-04-21', 'пл. М. Коцюбинського, 31, кв.67', 'неповна', '(099)959-940-2', 'одружений'),
(8, '1977-06-25', 'пл. Мельникова, 16, кв.34', 'вища', '(096)477-391-0', 'неодружена'),
(9, '2000-11-29', 'просп. П. Орлика, 19, кв.23', 'середня', '(096)806-924-7', 'неодружений'),
(10, '2005-02-05', 'пл. І. Франкa, 73, кв.37', 'середня', '(097)071-173-1', 'неодружений'),
(11, '1997-09-08', 'просп. Урицького, 22, кв.4', 'наукова ступінь', '(095)792-113-4', 'одружений'),
(12, '1987-04-14', 'просп. Мельникова, 46, кв.9', 'неповна', '(098)196-591-6', 'одружений'),
(13, '2001-10-08', 'пл. Лук’янівська, 65, кв.15', 'середня', '(098)263-220-1', 'неодружений'),
(14, '2000-09-21', 'вул. Артема, 60, кв.59', 'наукова ступінь', '(063)555-347-4', 'неодружений'),
(15, '2002-03-29', 'пл. Арсенальна, 34, кв.8', 'вища', '(099)877-525-9', 'одружений');
